Customer_Category,Monthly_Revenue
Near-Prime,277175.95666666667
Prime,105096.41544715448
Subprime,346424.64
Super-Prime,67170.9403508772
